<?xml version="1.0" encoding="UTF-8"?>
<!--
   Sphinx-4 Configuration file
-->
<config>
    <component name="endpointer" type="edu.cmu.sphinx.frontend.FrontEnd">
        <propertylist name="pipeline">
            <item>audioFileDataSource</item>
            <item>dataBlocker</item>
            <item>speechClassifier</item>
            <item>speechMarker</item>
            <item>wavWriter</item>
        </propertylist>
    </component>
    
    <component name="audioFileDataSource" type="edu.cmu.sphinx.frontend.util.AudioFileDataSource"/>

    <component name="dataBlocker" type="edu.cmu.sphinx.frontend.DataBlocker"/>

    <component name="speechClassifier" type="edu.cmu.sphinx.frontend.endpoint.SpeechClassifier"/>
    
    <component name="speechMarker" type="edu.cmu.sphinx.frontend.endpoint.SpeechMarker">
    	<property name="speechLeader" value="200"/>
    	<property name="speechTrailer" value="200"/>
    </component>
 	
    <component name="wavWriter" type="edu.cmu.sphinx.frontend.util.WavWriter">
		<property name="outFilePattern" value="test-seg000000"/>
		<property name="captureUtterances" value="true"/>
    </component>
</config>
